id;title;description
01aeca88-4d94-4399-86fd-c2f2bc9bf29f;Ma premiere annonce;Description de ma premiere annonce...
182b1354-f8fa-4893-ae98-0c2dab8dbbf3;Ma premiere annonce;Description de ma premiere annonce...
214a6bfd-b8ff-4ec7-b57c-5df1c7e0f415;Ma premiere annonce;Description de ma premiere annonce...
38e43d3c-b4d7-49d5-9238-479200b207c7;Ma premiere annonce;Description de ma premiere annonce...
61292cfa-0f99-47b6-81b9-e6ae195d0d15;Ma premiere annonce;Description de ma premiere annonce...
688d4def-4b85-4aeb-bc27-d3412d96fe4a;Ma premiere annonce;Description de ma premiere annonce...
6c5bef78-d52a-4cf4-b6df-90bc4a94770f;Ma premiere annonce;Description de ma premiere annonce...
714d6d97-41f5-4808-98a8-eefff1fff8d4;Ma seconde annonce;Description de ma premiere annonce...
793eee83-8083-4684-8354-e7ae1ff391bd;Ma premiere annonce;Description de ma premiere annonce...
b681ec50-59c1-4e01-bd21-bbcaa9e43aef;Ma premiere annonce;Description de ma premiere annonce...
fbb8766d-b409-4a53-a26a-75f5945540f0;Ma premiere annonce;Description de ma premiere annonce...
